Type,Name,Request Count,Failure Count,Median Response Time,Average Response Time,Min Response Time,Max Response Time,Average Content Size,Requests/s,Failures/s,50%,66%,75%,80%,90%,95%,98%,99%,99.9%,99.99%,100%
GET,/api/health,708,0,390.0,445.11097640744254,2.8241670224815607,2857.5434590457007,97.88983050847457,2.366783588150015,0.0,390,530,640,700,870,1000,1100,1600,2900,2900,2900
GET,/api/metrics,712,0,610.0,669.0700731539099,2.311333082616329,3014.130749972537,3.0,2.380155246840128,0.0,610,760,850,940,1100,1300,1800,2200,3000,3000,3000
POST,/api/predict,2036,167,1300.0,1425.4437122750255,63.00808407831937,6928.843582980335,246.2760314341847,6.806174273267557,0.5582667503122211,1300,1500,1700,1800,2400,2900,3600,4100,6600,6900,6900
POST,/api/predict (high load),8872,655,1200.0,1356.2882076270027,52.160499966703355,8024.562916951254,246.90892696122634,29.65833897467081,2.1896091105060167,1200,1400,1600,1700,2200,2800,3700,4400,6600,8000,8000
GET,/api/stats,662,0,1300.0,1342.3703981785377,10.25704201310873,4680.17183302436,147.0,2.2130095132137146,0.0,1300,1500,1700,1700,2000,2300,2600,3100,4700,4700,4700
GET,/api/uptime,731,0,750.0,808.0271301931534,25.02295805606991,3273.3453329419717,9237.205198358413,2.4436706256181653,0.0,750,880,980,1000,1300,1600,2100,2800,3300,3300,3300
,Aggregated,13721,822,1100.0,1253.9921197730573,2.311333082616329,8024.562916951254,700.6156256832593,45.86813222176039,2.7478758608182376,1100,1400,1500,1700,2100,2700,3400,4100,6400,7700,8000
