{
  "model_version": "v20251127_103025",
  "accuracy": 0.9489247311827957,
  "precision": 0.9498247051379237,
  "recall": 0.9489247311827957,
  "f1_score": 0.9483559258045176,
  "loss": 0.13247719407081604,
  "class_names": [
    "paper",
    "rock",
    "scissors"
  ],
  "timestamp": "2025-11-27T10:30:25.846908"
}